Folio,BifolioWith,RectoVerso,Quire,Sequence,Label
fuhc:euch.1r,fuhc:euch.2v,recto,1,1,Folio 1r (bifolio with 2v in quire 1)
fuhc:euch.1v,fuhc:euch.2r,verso,1,2,Folio 1v (bifolio with 2r in quire 1)
fuhc:euch.2r,fuhc:euch.1v,recto,1,3,Folio 2r (bifolio with 1v in quire 1)
fuhc:euch.2v,fuhc:euch.1r,verso,1,4,Folio 2v (bifolio with 1r in quire 1)
fuhc:euch.3r,fuhc:euch.6v,recto,2,5,Folio 3r (bifolio with 6v in quire 2)
fuhc:euch.3v,fuhc:euch.6r,verso,2,6,Folio 3v (bifolio with 6r in quire 2)
fuhc:euch.4r,fuhc:euch.5v,recto,2,7,Folio 4r (bifolio with 5v in quire 2)
fuhc:euch.4v,fuhc:euch.5r,verso,2,8,Folio 4v (bifolio with 5r in quire 2)
fuhc:euch.5r,fuhc:euch.4v,recto,2,9,Folio 5r (bifolio with 4v in quire 2)
fuhc:euch.5v,fuhc:euch.4r,verso,2,10,Folio 5v (bifolio with 4r in quire 2)
fuhc:euch.6r,fuhc:euch.3v,recto,2,11,Folio 6r (bifolio with 3v in quire 2)
fuhc:euch.6v,fuhc:euch.3r,verso,2,12,Folio 6v (bifolio with 3r in quire 2)
fuhc:euch.7r,fuhc:euch.12v,recto,3,13,Folio 7r (bifolio with 12v in quire 3)
fuhc:euch.7v,fuhc:euch.12r,verso,3,14,Folio 7v (bifolio with 12r in quire 3)
fuhc:euch.8r,fuhc:euch.11v,recto,3,15,Folio 8r (bifolio with 11v in quire 3)
fuhc:euch.8v,fuhc:euch.11r,verso,3,16,Folio 8v (bifolio with 11r in quire 3)
fuhc:euch.9r,fuhc:euch.10v,recto,3,17,Folio 9r (bifolio with 10v in quire 3)
fuhc:euch.9v,fuhc:euch.10r,verso,3,18,Folio 9v (bifolio with 10r in quire 3)
fuhc:euch.10r,fuhc:euch.9v,recto,3,19,Folio 10r (bifolio with 9v in quire 3)
fuhc:euch.10v,fuhc:euch.9r,verso,3,20,Folio 10v (bifolio with 9r in quire 3)
fuhc:euch.11r,fuhc:euch.8v,recto,3,21,Folio 11r (bifolio with 8v in quire 3)
fuhc:euch.11v,fuhc:euch.8r,verso,3,22,Folio 11v (bifolio with 8r in quire 3)
fuhc:euch.12r,fuhc:euch.7v,recto,3,23,Folio 12r (bifolio with 7v in quire 3)
fuhc:euch.12v,fuhc:euch.7r,verso,3,24,Folio 12v (bifolio with 7r in quire 3)
fuhc:euch.13r,fuhc:euch.20v,recto,4,25,Folio 13r (bifolio with 20v in quire 4)
fuhc:euch.13v,fuhc:euch.20r,verso,4,26,Folio 13v (bifolio with 20r in quire 4)
fuhc:euch.14r,fuhc:euch.19v,recto,4,27,Folio 14r (bifolio with 19v in quire 4)
fuhc:euch.14v,fuhc:euch.19r,recto,4,28,Folio 14v (bifolio with 19r in quire 4)
fuhc:euch.15r,fuhc:euch.18v,recto,4,29,Folio 15r (bifolio with 18v in quire 4)
fuhc:euch.15v,fuhc:euch.18r,verso,4,30,Folio 15v (bifolio with 18r in quire 4)
fuhc:euch.16r,fuhc:euch.17v,recto,4,31,Folio 16r (bifolio with 17v in quire 4)
fuhc:euch.16v,fuhc:euch.17r,verso,4,32,Folio 16v (bifolio with 17r in quire 4)
fuhc:euch.17r,fuhc:euch.16v,recto,4,33,Folio 17r (bifolio with 16v in quire 4)
fuhc:euch.17v,fuhc:euch.16r,verso,4,34,Folio 17v (bifolio with 16r in quire 4)
fuhc:euch.18r,fuhc:euch.15v,recto,4,35,Folio 18r (bifolio with 15v in quire 4)
fuhc:euch.18v,fuhc:euch.15r,verso,4,36,Folio 18v (bifolio with 15r in quire 4)
fuhc:euch.19r,fuhc:euch.14v,recto,4,37,Folio 19r (bifolio with 14v in quire 4)
fuhc:euch.19v,fuhc:euch.14r,verso,4,38,Folio 19v (bifolio with 14r in quire 4)
fuhc:euch.20r,fuhc:euch.13v,recto,4,39,Folio 20r (bifolio with 13v in quire 4)
fuhc:euch.20v,fuhc:euch.13r,verso,4,40,Folio 20v (bifolio with 13r in quire 4)
fuhc:euch.21r,fuhc:euch.28v,recto,5,41,Folio 21r (bifolio with 28v in quire 5)
fuhc:euch.21v,fuhc:euch.28r,verso,5,42,Folio 21v (bifolio with 28r in quire 5)
fuhc:euch.22r,fuhc:euch.27v,recto,5,43,Folio 22r (bifolio with 27v in quire 5)
fuhc:euch.22v,fuhc:euch.27r,verso,5,44,Folio 22v (bifolio with 27r in quire 5)
fuhc:euch.23r,fuhc:euch.26v,recto,5,45,Folio 23r (bifolio with 26v in quire 5)
fuhc:euch.23v,fuhc:euch.26r,verso,5,46,Folio 23v (bifolio with 26r in quire 5)
fuhc:euch.24r,fuhc:euch.25v,recto,5,47,Folio 24r (bifolio with 25v in quire 5)
fuhc:euch.24v,fuhc:euch.25r,verso,5,48,Folio 24v (bifolio with 25r in quire 5)
fuhc:euch.25r,fuhc:euch.24v,recto,5,49,Folio 25r (bifolio with 24v in quire 5)
fuhc:euch.25v,fuhc:euch.24r,verso,5,50,Folio 25v (bifolio with 24r in quire 5)
fuhc:euch.26r,fuhc:euch.23v,recto,5,51,Folio 26r (bifolio with 23v in quire 5)
fuhc:euch.26v,fuhc:euch.23r,verso,5,52,Folio 26v (bifolio with 23r in quire 5)
fuhc:euch.27r,fuhc:euch.22v,recto,5,53,Folio 27r (bifolio with 22v in quire 5)
fuhc:euch.27v,fuhc:euch.22r,verso,5,54,Folio 27v (bifolio with 22r in quire 5)
fuhc:euch.28r,fuhc:euch.21v,recto,5,55,Folio 28r (bifolio with 21v in quire 5)
fuhc:euch.28v,fuhc:euch.21r,verso,5,56,Folio 28v (bifolio with 21r in quire 5)
fuhc:euch.29r,fuhc:euch.34v,recto,6,57,Folio 29r (bifolio with 34v in quire 6)
fuhc:euch.29v,fuhc:euch.34r,verso,6,58,Folio 29v (bifolio with 34r in quire 6)
fuhc:euch.30r,fuhc:euch.33v,recto,6,59,Folio 30r (bifolio with 33v in quire 6)
fuhc:euch.30v,fuhc:euch.33r,verso,6,60,Folio 30v (bifolio with 33r in quire 6)
fuhc:euch.31r,fuhc:euch.32v,recto,6,61,Folio 31r (bifolio with 32v in quire 6)
fuhc:euch.31v,fuhc:euch.32r,verso,6,62,Folio 31v (bifolio with 32r in quire 6)
fuhc:euch.32r,fuhc:euch.31v,recto,6,63,Folio 32r (bifolio with 31v in quire 6)
fuhc:euch.32v,fuhc:euch.31r,verso,6,64,Folio 32v (bifolio with 31r in quire 6)
fuhc:euch.33r,fuhc:euch.30v,recto,6,65,Folio 33r (bifolio with 30v in quire 6)
fuhc:euch.33v,fuhc:euch.30r,verso,6,66,Folio 33v (bifolio with 30r in quire 6)
fuhc:euch.34r,fuhc:euch.29v,recto,6,67,Folio 34r (bifolio with 29v in quire 6)
fuhc:euch.34v,fuhc:euch.29r,verso,6,68,Folio 34v (bifolio with 29r in quire 6)
fuhc:euch.35r,fuhc:euch.38v,recto,7,69,Folio 35r (bifolio with 38v in quire 7)
fuhc:euch.35v,fuhc:euch.38r,verso,7,70,Folio 35v (bifolio with 38r in quire 7)
fuhc:euch.36r,fuhc:euch.37v,recto,7,71,Folio 36r (bifolio with 37v in quire 7)
fuhc:euch.36v,fuhc:euch.37r,verso,7,72,Folio 36v (bifolio with 37r in quire 7)
fuhc:euch.37r,fuhc:euch.36v,recto,7,73,Folio 37r (bifolio with 36v in quire 7)
fuhc:euch.37v,fuhc:euch.36r,verso,7,74,Folio 37v (bifolio with 36r in quire 7)
fuhc:euch.38r,fuhc:euch.35v,recto,7,75,Folio 38r (bifolio with 35v in quire 7)
fuhc:euch.38v,fuhc:euch.35r,verso,7,76,Folio 38v (bifolio with 35r in quire 7)
fuhc:euch.39r,,recto,8,77,Folio 39r (single folio in quire 8)
fuhc:euch.39v,,verso,8,78,Folio 39v (single folio in quire 8)
fuhc:euch.40r,,recto,9,79,Folio 40r (single folio in quire 9)
fuhc:euch.40v,,verso,9,80,Folio 40v (single folio in quire 9)
fuhc:euch.41r,fuhc:euch.48v,recto,10,81,Folio 41r (bifolio with 48v in quire 10)
fuhc:euch.41v,fuhc:euch.48r,verso,10,82,Folio 41v (bifolio with 48r in quire 10)
fuhc:euch.42r,fuhc:euch.47v,recto,10,83,Folio 42r (bifolio with 47v in quire 10)
fuhc:euch.42v,fuhc:euch.47r,verso,10,84,Folio 42v (bifolio with 47r in quire 10)
fuhc:euch.43r,fuhc:euch.46v,recto,10,85,Folio 43r (bifolio with 46v in quire 10)
fuhc:euch.43v,fuhc:euch.46r,verso,10,86,Folio 43v (bifolio with 46r in quire 10)
fuhc:euch.44r,fuhc:euch.45v,recto,10,87,Folio 44r (bifolio with 45v in quire 10)
fuhc:euch.44v,fuhc:euch.45r,verso,10,88,Folio 44v (bifolio with 45r in quire 10)
fuhc:euch.45r,fuhc:euch.44v,recto,10,89,Folio 45r (bifolio with 44v in quire 10)
fuhc:euch.45v,fuhc:euch.44r,verso,10,90,Folio 45v (bifolio with 44r in quire 10)
fuhc:euch.46r,fuhc:euch.43v,recto,10,91,Folio 46r (bifolio with 43v in quire 10)
fuhc:euch.46v,fuhc:euch.43r,verso,10,92,Folio 46v (bifolio with 43r in quire 10)
fuhc:euch.47r,fuhc:euch.42v,recto,10,93,Folio 47r (bifolio with 42v in quire 10)
fuhc:euch.47v,fuhc:euch.42r,verso,10,94,Folio 47v (bifolio with 42r in quire 10)
fuhc:euch.48r,fuhc:euch.41v,recto,10,95,Folio 48r (bifolio with 41v in quire 10)
fuhc:euch.48v,fuhc:euch.41r,verso,10,96,Folio 48v (bifolio with 41r in quire 10)
fuhc:euch.49r,fuhc:euch.56v,recto,11,97,Folio 49r (bifolio with 56v in quire 11)
fuhc:euch.49v,fuhc:euch.56r,verso,11,98,Folio 49v (bifolio with 56r in quire 11)
fuhc:euch.50r,fuhc:euch.55v,recto,11,99,Folio 50r (bifolio with 55v in quire 11)
fuhc:euch.50v,fuhc:euch.55r,verso,11,100,Folio 50v (bifolio with 55r in quire 11)
fuhc:euch.51r,fuhc:euch.54v,recto,11,101,Folio 51r (bifolio with 54v in quire 11)
fuhc:euch.51v,fuhc:euch.54r,verso,11,102,Folio 51v (bifolio with 54r in quire 11)
fuhc:euch.52r,fuhc:euch.53v,recto,11,103,Folio 52r (bifolio with 53v in quire 11)
fuhc:euch.52v,fuhc:euch.53r,verso,11,104,Folio 52v (bifolio with 53r in quire 11)
fuhc:euch.53r,fuhc:euch.52v,recto,11,105,Folio 53r (bifolio with 52v in quire 11)
fuhc:euch.53v,fuhc:euch.52r,verso,11,106,Folio 53v (bifolio with 52r in quire 11)
fuhc:euch.54r,fuhc:euch.51v,recto,11,107,Folio 54r (bifolio with 51v in quire 11)
fuhc:euch.54v,fuhc:euch.51r,verso,11,108,Folio 54v (bifolio with 51r in quire 11)
fuhc:euch.55r,fuhc:euch.50v,recto,11,109,Folio 55r (bifolio with 50v in quire 11)
fuhc:euch.55v,fuhc:euch.50r,verso,11,110,Folio 55v (bifolio with 50r in quire 11)
fuhc:euch.56r,fuhc:euch.49v,recto,11,111,Folio 56r (bifolio with 49v in quire 11)
fuhc:euch.56v,fuhc:euch.49r,verso,11,112,Folio 56v (bifolio with 49r in quire 11)
fuhc:euch.57r,fuhc:euch.64v,recto,12,113,Folio 57r (bifolio with 64v in quire 12)
fuhc:euch.57v,fuhc:euch.64r,verso,12,114,Folio 57v (bifolio with 64r in quire 12)
fuhc:euch.58r,fuhc:euch.63v,recto,12,115,Folio 58r (bifolio with 63v in quire 12)
fuhc:euch.58v,fuhc:euch.63r,verso,12,116,Folio 58v (bifolio with 63r in quire 12)
fuhc:euch.59r,fuhc:euch.62v,recto,12,117,Folio 59r (bifolio with 62v in quire 12)
fuhc:euch.59v,fuhc:euch.62r,verso,12,118,Folio 59v (bifolio with 62r in quire 12)
fuhc:euch.60r,fuhc:euch.61v,recto,12,119,Folio 60r (bifolio with 61v in quire 12)
fuhc:euch.60v,fuhc:euch.61r,verso,12,120,Folio 60v (bifolio with 61r in quire 12)
fuhc:euch.61r,fuhc:euch.60v,recto,12,121,Folio 61r (bifolio with 60v in quire 12)
fuhc:euch.61v,fuhc:euch.60r,verso,12,122,Folio 61v (bifolio with 60r in quire 12)
fuhc:euch.62r,fuhc:euch.59v,recto,12,123,Folio 62r (bifolio with 59v in quire 12)
fuhc:euch.62v,fuhc:euch.59r,verso,12,124,Folio 62v (bifolio with 59r in quire 12)
fuhc:euch.63r,fuhc:euch.58v,recto,12,125,Folio 63r (bifolio with 58v in quire 12)
fuhc:euch.63v,fuhc:euch.58r,verso,12,126,Folio 63v (bifolio with 58r in quire 12)
fuhc:euch.64r,fuhc:euch.57v,recto,12,127,Folio 64r (bifolio with 57v in quire 12)
fuhc:euch.64v,fuhc:euch.57r,verso,12,128,Folio 64v (bifolio with 57r in quire 12)
fuhc:euch.65r,fuhc:euch.72r,recto,13,129,Folio 65r (bifolio with 72r in quire 13)
fuhc:euch.65v,fuhc:euch.72v,verso,13,130,Folio 65v (bifolio with 72v in quire 13)
fuhc:euch.66r,fuhc:euch.71v,recto,13,131,Folio 66r (bifolio with 71v in quire 13)
fuhc:euch.66v,fuhc:euch.71r,verso,13,132,Folio 66v (bifolio with 71r in quire 13)
fuhc:euch.67r,fuhc:euch.70v,recto,13,133,Folio 67r (bifolio with 70v in quire 13)
fuhc:euch.67v,fuhc:euch.70r,verso,13,134,Folio 67v (bifolio with 70r in quire 13)
fuhc:euch.68r,fuhc:euch.69v,recto,13,135,Folio 68r (bifolio with 69v in quire 13)
fuhc:euch.68v,fuhc:euch.69r,verso,13,136,Folio 68v (bifolio with 69r in quire 13)
fuhc:euch.69r,fuhc:euch.68v,recto,13,137,Folio 69r (bifolio with 68v in quire 13)
fuhc:euch.69v,fuhc:euch.68r,verso,13,138,Folio 69v (bifolio with 68r in quire 13)
fuhc:euch.70r,fuhc:euch.67v,recto,13,139,Folio 70r (bifolio with 67v in quire 13)
fuhc:euch.70v,fuhc:euch.67r,verso,13,140,Folio 70v (bifolio with 67r in quire 13)
fuhc:euch.71r,fuhc:euch.66v,recto,13,141,Folio 71r (bifolio with 66v in quire 13)
fuhc:euch.71v,fuhc:euch.66r,verso,13,142,Folio 71v (bifolio with 66r in quire 13)
fuhc:euch.72r,fuhc:euch.65v,recto,13,143,Folio 72r (bifolio with 65v in quire 13)
fuhc:euch.72v,fuhc:euch.65r,verso,13,144,Folio 72v (bifolio with 65r in quire 13)
fuhc:euch.73r,fuhc:euch.80v,recto,14,145,Folio 73r (bifolio with 80v in quire 14)
fuhc:euch.73v,fuhc:euch.80r,verso,14,146,Folio 73v (bifolio with 80r in quire 14)
fuhc:euch.74r,fuhc:euch.79v,recto,14,147,Folio 74r (bifolio with 79v in quire 14)
fuhc:euch.74v,fuhc:euch.79r,verso,14,148,Folio 74v (bifolio with 79r in quire 14)
fuhc:euch.75r,fuhc:euch.78v,recto,14,149,Folio 75r (bifolio with 78v in quire 14)
fuhc:euch.75v,fuhc:euch.78r,verso,14,150,Folio 75v (bifolio with 78r in quire 14)
fuhc:euch.76r,fuhc:euch.77v,recto,14,151,Folio 76r (bifolio with 77v in quire 14)
fuhc:euch.76v,fuhc:euch.77r,verso,14,152,Folio 76v (bifolio with 77r in quire 14)
fuhc:euch.77r,fuhc:euch.76v,recto,14,153,Folio 77r (bifolio with 76v in quire 14)
fuhc:euch.77v,fuhc:euch.76r,verso,14,154,Folio 77v (bifolio with 76r in quire 14)
fuhc:euch.78r,fuhc:euch.75v,recto,14,155,Folio 78r (bifolio with 75v in quire 14)
fuhc:euch.78v,fuhc:euch.75r,verso,14,156,Folio 78v (bifolio with 75r in quire 14)
fuhc:euch.79r,fuhc:euch.74v,recto,14,157,Folio 79r (bifolio with 74v in quire 14)
fuhc:euch.79v,fuhc:euch.75r,verso,14,158,Folio 79v (bifolio with 75r in quire 14)
fuhc:euch.80r,fuhc:euch.73v,recto,14,159,Folio 80r (bifolio with 73v in quire 14)
fuhc:euch.80v,fuhc:euch.73r,verso,14,160,Folio 80v (bifolio with 73r in quire 14)
fuhc:euch.81r,fuhc:euch.88v,recto,15,161,Folio 81r (bifolio with 88v in quire 15)
fuhc:euch.81v,fuhc:euch.88r,verso,15,162,Folio 81v (bifolio with 88r in quire 15)
fuhc:euch.82r,fuhc:euch.87v,recto,15,163,Folio 82r (bifolio with 87v in quire 15)
fuhc:euch.82v,fuhc:euch.87r,verso,15,164,Folio 82v (bifolio with 87r in quire 15)
fuhc:euch.83r,fuhc:euch.86v,recto,15,165,Folio 83r (bifolio with 86v in quire 15)
fuhc:euch.83v,fuhc:euch.86r,verso,15,166,Folio 83v (bifolio with 86r in quire 15)
fuhc:euch.84r,fuhc:euch.85v,recto,15,167,Folio 84r (bifolio with 85v in quire 15)
fuhc:euch.84v,fuhc:euch.85r,verso,15,168,Folio 84v (bifolio with 85r in quire 15)
fuhc:euch.85r,fuhc:euch.84v,recto,15,169,Folio 85r (bifolio with 84v in quire 15)
fuhc:euch.85v,fuhc:euch.84r,verso,15,170,Folio 85v (bifolio with 84r in quire 15)
fuhc:euch.86r,fuhc:euch.83v,recto,15,171,Folio 86r (bifolio with 83v in quire 15)
fuhc:euch.86v,fuhc:euch.83r,verso,15,172,Folio 86v (bifolio with 83r in quire 15)
fuhc:euch.87r,fuhc:euch.82v,recto,15,173,Folio 87r (bifolio with 82v in quire 15)
fuhc:euch.87v,fuhc:euch.82r,verso,15,174,Folio 87v (bifolio with 82r in quire 15)
fuhc:euch.88r,fuhc:euch.81v,recto,15,175,Folio 88r (bifolio with 81v in quire 15)
fuhc:euch.88v,fuhc:euch.81r,verso,15,176,Folio 88v (bifolio with 81r in quire 15)
fuhc:euch.89r,fuhc:euch.96v,recto,16,177,Folio 89r (bifolio with 96v in quire 16)
fuhc:euch.89v,fuhc:euch.96r,verso,16,178,Folio 89v (bifolio with 96r in quire 16)
fuhc:euch.90r,fuhc:euch.95v,recto,16,179,Folio 90r (bifolio with 95v in quire 16)
fuhc:euch.90v,fuhc:euch.95r,verso,16,180,Folio 90v (bifolio with 95r in quire 16)
fuhc:euch.91r,fuhc:euch.94v,recto,16,181,Folio 91r (bifolio with 94v in quire 16)
fuhc:euch.91v,fuhc:euch.94r,verso,16,182,Folio 91v (bifolio with 94r in quire 16)
fuhc:euch.92r,fuhc:euch.93v,recto,16,183,Folio 92r (bifolio with 93v in quire 16)
fuhc:euch.92v,fuhc:euch.93r,verso,16,184,Folio 92v (bifolio with 93r in quire 16)
fuhc:euch.93r,fuhc:euch.92v,recto,16,185,Folio 93r (bifolio with 92v in quire 16)
fuhc:euch.93v,fuhc:euch.92r,verso,16,186,Folio 93v (bifolio with 92r in quire 16)
fuhc:euch.94r,fuhc:euch.91v,recto,16,187,Folio 94r (bifolio with 91v in quire 16)
fuhc:euch.94v,fuhc:euch.91r,verso,16,188,Folio 94v (bifolio with 91r in quire 16)
fuhc:euch.95r,fuhc:euch.90v,recto,16,189,Folio 95r (bifolio with 90v in quire 16)
fuhc:euch.95v,fuhc:euch.90r,verso,16,190,Folio 95v (bifolio with 90r in quire 16)
fuhc:euch.96r,fuhc:euch.89v,recto,16,191,Folio 96r (bifolio with 89v in quire 16)
fuhc:euch.96v,fuhc:euch.89r,verso,16,192,Folio 96v (bifolio with 89r in quire 16)
fuhc:euch.97r,fuhc:euch.103v,recto,17,193,Folio 97r (bifolio with 103v in quire 17)
fuhc:euch.97v,fuhc:euch.103r,verso,17,194,Folio 97v (bifolio with 103r in quire 17)
fuhc:euch.98r,fuhc:euch.102v,recto,17,195,Folio 98r (bifolio with 102v in quire 17)
fuhc:euch.98v,fuhc:euch.102r,verso,17,196,Folio 98v (bifolio with 102r in quire 17)
fuhc:euch.99r,fuhc:euch.101v,recto,17,197,Folio 99r (bifolio with 101v in quire 17)
fuhc:euch.99v,fuhc:euch.101r,verso,17,198,Folio 99v (bifolio with 101r in quire 17)
fuhc:euch.100r,,recto,17,199,Folio 100r (single folio in quire 17)
fuhc:euch.100v,,verso,17,200,Folio 100v (single folio in quire 17)
fuhc:euch.101r,fuhc:euch.99v,recto,17,201,Folio 101r (bifolio with 99v in quire 17)
fuhc:euch.101v,fuhc:euch.99r,verso,17,202,Folio 101v (bifolio with 99r in quire 17)
fuhc:euch.102r,fuhc:euch.98v,recto,17,203,Folio 102r (bifolio with 98v in quire 17)
fuhc:euch.102v,fuhc:euch.98r,verso,17,204,Folio 102v (bifolio with 98r in quire 17)
fuhc:euch.103r,fuhc:euch.97r,recto,17,205,Folio 103r (bifolio with 97r in quire 17)
fuhc:euch.103v,fuhc:euch.97v,verso,17,206,Folio 103v (bifolio with 97v in quire 17)
fuhc:euch.104r,,recto,18,207,Single folio (now missing)
fuhc:euch.104v,,verso,18,208,Single folio (now missing)
fuhc:euch.105r,fuhc:euch.110v,recto,19,209,Folio 105r (bifolio with 110v in quire 19)
fuhc:euch.105v,fuhc:euch.110r,verso,19,210,Folio 105v (bifolio with 110r in quire 19)
fuhc:euch.106r,fuhc:euch.109v,recto,19,211,Folio 106r (bifolio with 109v in quire 19)
fuhc:euch.106v,fuhc:euch.109r,verso,19,212,Folio 106v (bifolio with 109r in quire 19)
fuhc:euch.107r,fuhc:euch.108v,recto,19,213,Folio 107r (bifolio with 108v in quire 19)
fuhc:euch.107v,fuhc:euch.108r,verso,19,214,Folio 107v (bifolio with 108r in quire 19)
fuhc:euch.108r,fuhc:euch.107v,recto,19,215,Folio 108r (bifolio with 107v in quire 19)
fuhc:euch.108v,fuhc:euch.107r,verso,19,216,Folio 108v (bifolio with 107r in quire 19)
fuhc:euch.109r,fuhc:euch.106v,recto,19,217,Folio 109r (bifolio with 106v in quire 19)
fuhc:euch.109v,fuhc:euch.106r,verso,19,218,Folio 109v (bifolio with 106r in quire 19)
fuhc:euch.110r,fuhc:euch.105v,recto,19,219,Folio 110r (bifolio with 105v in quire 19)
fuhc:euch.110v,fuhc:euch.105r,verso,19,220,Folio 110v (bifolio with 105r in quire 19)
fuhc:euch.111r,fuhc:euch.116v,recto,20,221,Folio 111r (bifolio with 116v in quire 20)
fuhc:euch.111v,fuhc:euch.116r,verso,20,222,Folio 111v (bifolio with 116r in quire 20)
fuhc:euch.112r,fuhc:euch.115v,recto,20,223,Folio 112r (bifolio with 115v in quire 20)
fuhc:euch.112v,fuhc:euch.115r,verso,20,224,Folio 112v (bifolio with 115r in quire 20)
fuhc:euch.113r,fuhc:euch.114v,recto,20,225,Folio 113r (bifolio with 114v in quire 20)
fuhc:euch.113v,fuhc:euch.114r,verso,20,226,Folio 113v (bifolio with 114r in quire 20)
fuhc:euch.114r,fuhc:euch.113v,recto,20,227,Folio 114r (bifolio with 113v in quire 20)
fuhc:euch.114v,fuhc:euch.113r,verso,20,228,Folio 114v (bifolio with 113r in quire 20)
fuhc:euch.115r,fuhc:euch.112v,recto,20,229,Folio 115r (bifolio with 112v in quire 20)
fuhc:euch.115v,fuhc:euch.112r,verso,20,230,Folio 115v (bifolio with 112r in quire 20)
fuhc:euch.116r,fuhc:euch.111v,recto,20,231,Folio 116r (bifolio with 111v in quire 20)
fuhc:euch.116v,fuhc:euch.111r,verso,20,232,Folio 116v (bifolio with 111r in quire 20)
fuhc:euch.117r,fuhc:euch.124v,recto,21,233,Folio 117r (bifolio with 124v in quire 21)
fuhc:euch.117v,fuhc:euch.124r,verso,22,234,Folio 117v (bifolio with 124r in quire 22)
fuhc:euch.118r,fuhc:euch.123v,recto,22,235,Folio 118r (bifolio with 123v in quire 22)
fuhc:euch.118v,fuhc:euch.123r,verso,22,236,Folio 118v (bifolio with 123r in quire 22)
fuhc:euch.119r,fuhc:euch.122v,recto,22,237,Folio 119r (bifolio with 122v in quire 22)
fuhc:euch.119v,fuhc:euch.122r,verso,22,238,Folio 119v (bifolio with 122r in quire 22)
fuhc:euch.120r,fuhc:euch.121v,recto,22,239,Folio 120r (bifolio with 121v in quire 22)
fuhc:euch.120v,fuhc:euch.121r,verso,22,240,Folio 120v (bifolio with 121r in quire 22)
fuhc:euch.121r,fuhc:euch.120v,recto,22,241,Folio 121r (bifolio with 120v in quire 22)
fuhc:euch.121v,fuhc:euch.120r,verso,22,242,Folio 121v (bifolio with 120r in quire 22)
fuhc:euch.122r,fuhc:euch.119v,recto,22,243,Folio 122r (bifolio with 119v in quire 22)
fuhc:euch.122v,fuhc:euch.119r,verso,22,244,Folio 122v (bifolio with 119r in quire 22)
fuhc:euch.123r,fuhc:euch.118v,recto,22,245,Folio 123r (bifolio with 118v in quire 22, now missing)
fuhc:euch.123v,fuhc:euch.118r,recto,22,246,Folio 123v (bifolio with 118r in quire 22, now missing)
fuhc:euch.124r,fuhc:euch.117v,recto,22,247,Folio 124r (bifolio with 117v in quire 22)
fuhc:euch.124v,fuhc:euch.117r,verso,22,248,Folio 124v (bifolio with 117r in quire 22)
fuhc:euch.125r,fuhc:euch.132v,recto,23,249,Folio 125r (bifolio with 132v in quire 23)
fuhc:euch.125v,fuhc:euch.132r,verso,23,250,Folio 125v (bifolio with 132r in quire 23)
fuhc:euch.126r,fuhc:euch.131v,recto,23,251,Folio 126r (bifolio with 131v in quire 23)
fuhc:euch.126v,fuhc:euch.131r,verso,23,252,Folio 126v (bifolio with 131r in quire 23)
fuhc:euch.127r,fuhc:euch.130v,recto,23,253,Folio 127r (bifolio with 130v in quire 23)
fuhc:euch.127v,fuhc:euch.130r,verso,23,254,Folio 127v (bifolio with 130r in quire 23)
fuhc:euch.128r,fuhc:euch.129v,recto,23,255,Folio 128r (bifolio with 129v in quire 23)
fuhc:euch.128v,fuhc:euch.129r,verso,23,256,Folio 128v (bifolio with 129r in quire 23)
fuhc:euch.129r,fuhc:euch.128r,recto,23,257,Folio 129r (bifolio with 128r in quire 23)
fuhc:euch.129v,fuhc:euch.128v,verso,23,258,Folio 129v (bifolio with 128v in quire 23)
fuhc:euch.130r,fuhc:euch.127r,recto,23,259,Folio 130r (bifolio with 127r in quire 23)
fuhc:euch.130v,fuhc:euch.127v,recto,23,260,Folio 130v (bifolio with 127v in quire 23)
fuhc:euch.131r,fuhc:euch.126v,recto,23,261,Folio 131r (bifolio with 126v in quire 23)
fuhc:euch.131v,fuhc:euch.126r,verso,23,262,Folio 131v (bifolio with 126r in quire 23)
fuhc:euch.132r,fuhc:euch.125v,recto,23,263,Folio 132r (bifolio with 125v in quire 23)
fuhc:euch.132v,fuhc:euch.125r,verso,23,264,Folio 132v (bifolio with 125r in quire 23)
fuhc:euch.133r,fuhc:euch.140v,recto,24,265,Folio 133r (bifolio with 140v in quire 24)
fuhc:euch.133v,fuhc:euch.140r,verso,24,266,Folio 133v (bifolio with 140r in quire 24)
fuhc:euch.134r,fuhc:euch.139v,recto,24,267,Folio 134r (bifolio with 139v in quire 24)
fuhc:euch.134v,fuhc:euch.139r,verso,24,268,Folio 134v (bifolio with 139r in quire 24)
fuhc:euch.135r,fuhc:euch.138v,recto,24,269,Folio 135r (bifolio with 138v in quire 24)
fuhc:euch.135v,fuhc:euch.138r,verso,24,270,Folio 135v (bifolio with 138r in quire 24)
fuhc:euch.136r,fuhc:euch.137v,recto,24,271,Folio 136r (bifolio with 137v in quire 24)
fuhc:euch.136v,fuhc:euch.137r,verso,24,272,Folio 136v (bifolio with 137r in quire 24)
fuhc:euch.137r,fuhc:euch.136v,recto,24,273,Folio 137r (bifolio with 136v in quire 24)
fuhc:euch.137v,fuhc:euch.136r,verso,24,274,Folio 137v (bifolio with 136r in quire 24)
fuhc:euch.138r,fuhc:euch.135v,recto,24,275,Folio 138r (bifolio with 135v in quire 24)
fuhc:euch.138v,fuhc:euch.135r,verso,24,276,Folio 138v (bifolio with 135r in quire 24)
fuhc:euch.139r,fuhc:euch.134v,recto,24,277,Folio 139r (bifolio with 134v in quire 24)
fuhc:euch.139v,fuhc:euch.134r,verso,24,278,Folio 139v (bifolio with 134r in quire 24)
fuhc:euch.140r,fuhc:euch.133v,recto,24,279,Folio 140r (bifolio with 133v in quire 24)
fuhc:euch.140v,fuhc:euch.133r,verso,24,280,Folio 140v (bifolio with 133r in quire 24)
fuhc:euch.141r,fuhc:euch.148v,recto,25,281,Folio 141r (bifolio with 148v in quire 25)
fuhc:euch.141v,fuhc:euch.148r,verso,25,282,Folio 141v (bifolio with 148r in quire 25)
fuhc:euch.142r,fuhc:euch.147v,recto,25,283,Folio 142r (bifolio with 147v in quire 25)
fuhc:euch.142v,fuhc:euch.147r,verso,25,284,Folio 142v (bifolio with 147r in quire 25)
fuhc:euch.143r,fuhc:euch.146v,recto,25,285,Folio 143r (bifolio with 146v in quire 25)
fuhc:euch.143v,fuhc:euch.146r,verso,25,286,Folio 143v (bifolio with 146r in quire 25)
fuhc:euch.144r,fuhc:euch.145v,recto,25,287,Folio 144r (bifolio with 145v in quire 25)
fuhc:euch.144v,fuhc:euch.145r,verso,25,288,Folio 144v (bifolio with 145r in quire 25)
fuhc:euch.145r,fuhc:euch.144v,recto,25,289,Folio 145r (bifolio with 144v in quire 25)
fuhc:euch.145v,fuhc:euch.144r,verso,25,290,Folio 145v (bifolio with 144r in quire 25)
fuhc:euch.146r,fuhc:euch.143v,recto,25,291,Folio 146r (bifolio with 143v in quire 25)
fuhc:euch.146v,fuhc:euch.143r,verso,25,292,Folio 146v (bifolio with 143r in quire 25)
fuhc:euch.147r,fuhc:euch.142v,recto,25,293,Folio 147r (bifolio with 142v in quire 25)
fuhc:euch.147v,fuhc:euch.142r,verso,25,294,Folio 147v (bifolio with 142r in quire 25)
fuhc:euch.148r,fuhc:euch.141v,recto,25,295,Folio 148r (bifolio with 141v in quire 25)
fuhc:euch.148v,fuhc:euch.141r,verso,25,296,Folio 148v (bifolio with 141r in quire 25)
fuhc:euch.149r,fuhc:euch.154v,recto,26,297,Folio 149r (bifolio with 154v in quire 26)
fuhc:euch.149v,fuhc:euch.154r,verso,26,298,Folio 149v (bifolio with 154r in quire 26)
fuhc:euch.150r,fuhc:euch.153v,recto,26,299,Folio 150r (bifolio with 153v in quire 26)
fuhc:euch.150v,fuhc:euch.153r,verso,26,300,Folio 150v (bifolio with 153r in quire 26)
fuhc:euch.151r,fuhc:euch.152v,recto,26,301,Folio 151r (bifolio with 152v in quire 26)
fuhc:euch.151v,fuhc:euch.152r,verso,26,302,Folio 151v (bifolio with 152r in quire 26)
fuhc:euch.152r,fuhc:euch.151v,recto,26,303,Folio 152r (bifolio with 151v in quire 26)
fuhc:euch.152v,fuhc:euch.151r,verso,26,304,Folio 152v (bifolio with 151r in quire 26)
fuhc:euch.153r,fuhc:euch.150v,recto,26,305,Folio 153r (bifolio with 150v in quire 26)
fuhc:euch.153v,fuhc:euch.150r,verso,26,306,Folio 153v (bifolio with 150r in quire 26)
fuhc:euch.154r,fuhc:euch.159v,recto,26,307,Folio 154r (bifolio with 159v in quire 26)
fuhc:euch.154v,fuhc:euch.159r,verso,26,308,Folio 154v (bifolio with 159r in quire 26)
fuhc:euch.155r,fuhc:euch.162v,recto,27,309,Folio 155r (bifolio with 162v in quire 27)
fuhc:euch.155v,fuhc:euch.162r,verso,27,310,Folio 155v (bifolio with 162r in quire 27)
fuhc:euch.156r,fuhc:euch.161v,recto,27,311,Folio 156r (bifolio with 161v in quire 27)
fuhc:euch.156v,fuhc:euch.161r,verso,27,312,Folio 156v (bifolio with 161r in quire 27)
fuhc:euch.157r,fuhc:euch.160v,recto,27,313,Folio 157r (bifolio with 160v in quire 27)
fuhc:euch.157v,fuhc:euch.160r,verso,27,314,Folio 157v (bifolio with 160r in quire 27)
fuhc:euch.158r,fuhc:euch.159v,recto,27,315,Folio 158r (bifolio with 159v in quire 27)
fuhc:euch.158v,fuhc:euch.159r,verso,27,316,Folio 158v (bifolio with 159r in quire 27)
fuhc:euch.159r,fuhc:euch.158v,recto,27,317,Folio 159r (bifolio with 158v in quire 27)
fuhc:euch.159v,fuhc:euch.158r,verso,27,318,Folio 159v (bifolio with 158r in quire 27)
fuhc:euch.160r,fuhc:euch.157v,recto,27,319,Folio 160r (bifolio with 157v in quire 27)
fuhc:euch.160v,fuhc:euch.157r,verso,27,320,Folio 160v (bifolio with 157r in quire 27)
fuhc:euch.161r,fuhc:euch.156v,recto,27,321,Folio 161r (bifolio with 156v in quire 27)
fuhc:euch.161v,fuhc:euch.156r,verso,27,322,Folio 161v (bifolio with 156r in quire 27)
fuhc:euch.162r,fuhc:euch.155v,recto,27,323,Folio 162r (bifolio with 155v in quire 27)
fuhc:euch.162v,fuhc:euch.155r,verso,27,324,Folio 162v (bifolio with 155r in quire 27)
fuhc:euch.163r,fuhc:euch.170v,recto,28,325,Folio 163r (bifolio with 170v in quire 28)
fuhc:euch.163v,fuhc:euch.170r,verso,28,326,Folio 163v (bifolio with 170r in quire 28)
fuhc:euch.164r,fuhc:euch.169v,recto,28,327,Folio 164r (bifolio with 169v in quire 28)
fuhc:euch.164v,fuhc:euch.169r,verso,28,328,Folio 164v (bifolio with 169r in quire 28)
fuhc:euch.165r,fuhc:euch.168v,recto,28,329,Folio 165r (bifolio with 168v in quire 28)
fuhc:euch.165v,fuhc:euch.168r,verso,28,330,Folio 165v (bifolio with 168r in quire 28)
fuhc:euch.166r,fuhc:euch.167v,recto,28,331,Folio 166r (bifolio with 167v in quire 28)
fuhc:euch.166v,fuhc:euch.167r,verso,28,332,Folio 166v (bifolio with 167r in quire 28)
fuhc:euch.167r,fuhc:euch.166v,recto,28,333,Folio 167r (bifolio with 166v in quire 28)
fuhc:euch.167v,fuhc:euch.166r,verso,28,334,Folio 167v (bifolio with 166r in quire 28)
fuhc:euch.168r,fuhc:euch.165v,recto,28,335,Folio 168r (bifolio with 165v in quire 28)
fuhc:euch.168v,fuhc:euch.165r,verso,28,336,Folio 168v (bifolio with 165r in quire 28)
fuhc:euch.169r,fuhc:euch.164v,recto,28,337,Folio 169r (bifolio with 164v in quire 28)
fuhc:euch.169v,fuhc:euch.174r,verso,28,338,Folio 169v (bifolio with 174r in quire 28)
fuhc:euch.170r,fuhc:euch.175v,recto,28,339,Folio 170r (bifolio with 175v in quire 28, now missing)
fuhc:euch.170v,fuhc:euch.175r,verso,28,340,Folio 170v (bifolio with 175r in quire 28, now missing)
fuhc:euch.171r,,recto,29,341,Folio 171r (single folio in quire 29)
fuhc:euch.171v,,verso,29,342,Folio 171v (single folio in quire 29)
fuhc:euch.172r,fuhc:euch.177v,recto,30,343,Folio 172r (bifolio with 177v in quire 30)
fuhc:euch.172v,fuhc:euch.177r,verso,30,344,Folio 172v (bifolio with 177r in quire 30)
fuhc:euch.173r,fuhc:euch.176v,recto,30,345,Folio 173r (bifolio with 176v in quire 30)
fuhc:euch.173v,fuhc:euch.176v,verso,30,346,Folio 173v (bifolio with 176v in quire 30)
fuhc:euch.174r,fuhc:euch.175v,recto,30,347,Folio 174r (bifolio with 175v in quire 30)
fuhc:euch.174v,fuhc:euch.175r,verso,30,348,Folio 174v (bifolio with 175r in quire 30)
fuhc:euch.175r,fuhc:euch.174v,recto,30,349,Folio 175r (bifolio with 174v in quire 30)
fuhc:euch.175v,fuhc:euch.174r,verso,30,350,Folio 175v (bifolio with 174r in quire 30)
fuhc:euch.176r,fuhc:euch.173v,recto,30,351,Folio 176r (bifolio with 173v in quire 30)
fuhc:euch.176v,fuhc:euch.173r,verso,30,352,Folio 176v (bifolio with 173r in quire 30)
fuhc:euch.177r,fuhc:euch.172v,recto,30,353,Folio 177r (bifolio with 172v in quire 30)
fuhc:euch.177v,fuhc:euch.172r,verso,30,354,Folio 177v (bifolio with 172r in quire 30)
